{
    "providers": [
        {"type": "bitmap", "file": "minecraft:guis/pixel.png","ascent": -2000,"height": -3,"chars": ["七"]},
        {"type": "bitmap", "file": "minecraft:guis/emeraldcraft/wouldyourather.png","ascent": 13,"height": 138,"chars": ["ㇺ"]},
        {"type": "bitmap", "file": "minecraft:guis/emeraldcraft/wouldyourather2.png","ascent": 13,"height": 138,"chars": ["⣥"]},
        {"type": "bitmap", "file": "minecraft:guis/emeraldcraft/option1.png","ascent": 13,"height": 138,"chars": ["ª"]}
    ]
}


